{"quotes":{"EURAED":4.241003,"EURAFN":73.32143,"EURALL":96.264457,"EURAMD":435.49084,"EURANG":2.066822,"EURAOA":1058.764604,"EURARS":1597.949484,"EURAUD":1.676973,"EURAWG":2.078272,"EURAZN":1.967396,"EURBAM":1.962489,"EURBBD":2.325728,"EURBDT":141.683564,"EURBGN":1.973561,"EURBHD":0.435685,"EURBIF":3427.417086,"EURBMD":1.154596,"EURBND":1.486969,"EURBOB":8.008298,"EURBRL":6.067751,"EURBSD":1.154731,"EURBTC":1.7504243E-5,"EURBTN":109.448969,"EURBWP":15.919471,"EURBYN":3.437216,"EURBYR":22630.074075,"EURBZD":2.322286,"EURCAD":1.604831,"EURCDF":2635.36902,"EURCHF":0.921971,"EURCLF":0.027055,"EURCLP":1068.301597,"EURCNY":7.980392,"EURCNH":7.989998,"EURCOP":4249.2467,"EURCRC":536.225485,"EURCUC":1.154596,"EURCUP":30.596784,"EURCVE":110.98555,"EURCZK":24.603629,"EURDJF":205.195187,"EURDKK":7.496448,"EURDOP":68.95827,"EURDZD":153.879614,"EUREGP":60.780401,"EURERN":17.318934,"EURETB":180.838585,"EURFJD":2.609838,"EURFKP":0.868614,"EURGBP":0.870276,"EURGEL":3.094767,"EURGGP":0.868614,"EURGHS":12.666364,"EURGIP":0.868614,"EURGMD":84.867224,"EURGNF":10137.349919,"EURGTQ":8.837161,"EURGYD":241.720221,"EURHKD":9.035924,"EURHNL":30.608778,"EURHRK":7.557064,"EURHTG":151.366612,"EURHUF":390.276858,"EURIDR":19617.503194,"EURILS":3.622683,"EURIMP":0.868614,"EURINR":109.529794,"EURIQD":1512.520257,"EURIRR":1516272.693223,"EURISK":144.047794,"EURJEP":0.868614,"EURJMD":181.759555,"EURJOD":0.818654,"EURJPY":185.080568,"EURKES":149.986359,"EURKGS":100.96983,"EURKHR":4632.238016,"EURKMF":494.167328,"EURKPW":1039.005581,"EURKRW":1741.130593,"EURKWD":0.355512,"EURKYD":0.962293,"EURKZT":558.235579,"EURLAK":25285.644395,"EURLBP":103394.037822,"EURLKR":363.741444,"EURLRD":212.012665,"EURLSL":19.813301,"EURLTL":3.409221,"EURLVL":0.698404,"EURLYD":7.360592,"EURMAD":10.789123,"EURMDL":20.282399,"EURMGA":4820.437097,"EURMKD":61.637435,"EURMMK":2427.526343,"EURMNT":4123.646826,"EURMOP":9.31702,"EURMRU":46.322813,"EURMUR":54.000874,"EURMVR":17.838939,"EURMWK":2005.532983,"EURMXN":20.922547,"EURMYR":4.530678,"EURMZN":73.836825,"EURNAD":19.813296,"EURNGN":1597.337286,"EURNIO":42.397186,"EURNOK":11.20288,"EURNPR":175.114145,"EURNZD":2.009741,"EUROMR":0.444613,"EURPAB":1.154721,"EURPEN":3.994328,"EURPGK":4.975197,"EURPHP":69.911197,"EURPKR":322.367369,"EURPLN":4.298271,"EURPYG":7549.734427,"EURQAR":4.218027,"EURRON":5.111746,"EURRSD":117.558661,"EURRUB":94.006614,"EURRWF":1686.864195,"EURSAR":4.332448,"EURSBD":9.285301,"EURSCR":16.659944,"EURSDG":693.912357,"EURSEK":10.938258,"EURSGD":1.492666,"EURSHP":0.866246,"EURSLE":28.345751,"EURSLL":24211.30527,"EURSOS":659.855623,"EURSRD":43.413994,"EURSTD":23897.798134,"EURSTN":24.650616,"EURSVC":10.103439,"EURSYP":129.111885,"EURSZL":19.813287,"EURTHB":37.940438,"EURTJS":11.033396,"EURTMT":4.041085,"EURTND":3.37839,"EURTOP":2.779989,"EURTRY":51.302613,"EURTTD":7.845709,"EURTWD":36.998328,"EURTZS":2974.800639,"EURUAH":50.614226,"EURUGX":4301.662877,"EURUSD":1.154596,"EURUYU":46.739318,"EURUZS":14091.83988,"EURVES":540.268027,"EURVND":30409.162038,"EURVUV":138.27014,"EURWST":3.204592,"EURXAF":658.200578,"EURXAG":0.0165,"EURXAU":2.56E-4,"EURXCD":3.120353,"EURXCG":2.081103,"EURXDR":0.816058,"EURXOF":655.810693,"EURXPF":120.19755,"EURYER":275.490657,"EURZAR":19.766671,"EURZMK":10392.750198,"EURZMW":21.737094,"EURZWL":371.779317},"source":"EUR","success":true,"timestamp":1774721583}