{"quotes":{"USDAED":3.672497,"USDAFN":63.000181,"USDALL":83.700248,"USDAMD":376.999869,"USDANG":1.790083,"USDAOA":916.999768,"USDARS":1398.249708,"USDAUD":1.42748,"USDAWG":1.8,"USDAZN":1.681732,"USDBAM":1.705218,"USDBBD":2.01395,"USDBDT":122.699333,"USDBGN":1.709309,"USDBHD":0.380051,"USDBIF":2968.481625,"USDBMD":1.0,"USDBND":1.279568,"USDBOB":6.90963,"USDBRL":5.330597,"USDBSD":0.999956,"USDBTC":1.3734198E-5,"USDBTN":92.298705,"USDBWP":13.625703,"USDBYN":2.958717,"USDBYR":19600.0,"USDBZD":2.010986,"USDCAD":1.371245,"USDCDF":2256.999937,"USDCHF":0.790015,"USDCLF":0.023229,"USDCLP":917.21013,"USDCNY":6.896603,"USDCNH":6.90307,"USDCOP":3682.200619,"USDCRC":470.465147,"USDCUC":1.0,"USDCUP":26.5,"USDCVE":96.137582,"USDCZK":21.396981,"USDDJF":178.06356,"USDDKK":6.534611,"USDDOP":61.432495,"USDDZD":133.523693,"USDEGP":52.372207,"USDERN":15.0,"USDETB":156.082044,"USDEUR":0.87454,"USDFJD":2.228701,"USDFKP":0.751777,"USDGBP":0.754915,"USDGEL":2.729742,"USDGGP":0.751777,"USDGHS":10.859235,"USDGIP":0.751777,"USDGMD":73.499026,"USDGNF":8765.857274,"USDGTQ":7.668163,"USDGYD":209.198309,"USDHKD":7.82768,"USDHNL":26.46846,"USDHRK":6.590298,"USDHTG":131.112952,"USDHUF":343.490283,"USDIDR":16960.05,"USDILS":3.14434,"USDIMP":0.751777,"USDINR":92.58485,"USDIQD":1309.908889,"USDIRR":1321724.999758,"USDISK":126.298925,"USDJEP":0.751777,"USDJMD":156.894372,"USDJOD":0.709005,"USDJPY":159.578502,"USDKES":129.334321,"USDKGS":87.449701,"USDKHR":4009.765029,"USDKMF":430.999527,"USDKPW":899.999945,"USDKRW":1502.750044,"USDKWD":0.30743,"USDKYD":0.833253,"USDKZT":489.524391,"USDLAK":21426.391735,"USDLBP":89542.177078,"USDLKR":311.199268,"USDLRD":182.980949,"USDLSL":16.79428,"USDLTL":2.95274,"USDLVL":0.60489,"USDLYD":6.3804,"USDMAD":9.41776,"USDMDL":17.443655,"USDMGA":4151.881076,"USDMKD":53.742535,"USDMMK":2099.410407,"USDMNT":3568.977207,"USDMOP":8.06077,"USDMRU":40.006975,"USDMUR":46.509735,"USDMVR":15.450212,"USDMWK":1733.815772,"USDMXN":17.89075,"USDMYR":3.938496,"USDMZN":63.910228,"USDNAD":16.79428,"USDNGN":1385.50406,"USDNIO":36.793234,"USDNOK":9.77052,"USDNPR":147.677754,"USDNZD":1.725195,"USDOMR":0.384502,"USDPAB":0.999869,"USDPEN":3.448276,"USDPGK":4.372466,"USDPHP":59.590347,"USDPKR":279.200663,"USDPLN":3.737065,"USDPYG":6451.022276,"USDQAR":3.634858,"USDRON":4.462602,"USDRSD":102.332273,"USDRUB":80.15112,"USDRWF":1459.174332,"USDSAR":3.752935,"USDSBD":8.051718,"USDSCR":15.267448,"USDSDG":601.00009,"USDSEK":9.45579,"USDSGD":1.282495,"USDSHP":0.750259,"USDSLE":24.549668,"USDSLL":20969.510825,"USDSOS":570.469506,"USDSRD":37.547987,"USDSTD":20697.981008,"USDSTN":21.361001,"USDSVC":8.749292,"USDSYP":110.52498,"USDSZL":16.788875,"USDTHB":32.328014,"USDTJS":9.584202,"USDTMT":3.5,"USDTND":2.957147,"USDTOP":2.40776,"USDTRY":44.19487,"USDTTD":6.781464,"USDTWD":32.194598,"USDTZS":2604.734295,"USDUAH":44.095122,"USDUGX":3759.536161,"USDUYU":40.1674,"USDUZS":12073.760844,"USDVES":442.704625,"USDVND":26294.0,"USDVUV":118.25327,"USDWST":2.735215,"USDXAF":571.914207,"USDXAG":0.012497,"USDXAU":2.0E-4,"USDXCD":2.70255,"USDXCG":1.802084,"USDXDR":0.711278,"USDXOF":571.914207,"USDXPF":103.980121,"USDYER":238.550309,"USDZAR":16.890615,"USDZMK":9001.195264,"USDZMW":19.462923,"USDZWL":321.999592},"source":"USD","success":true,"timestamp":1773619199}