{"quotes":{"EURAED":4.205869,"EURAFN":73.294282,"EURALL":95.708845,"EURAMD":434.394474,"EURANG":2.050062,"EURAOA":1050.178213,"EURARS":1596.936387,"EURAUD":1.627685,"EURAWG":2.061419,"EURAZN":1.955032,"EURBAM":1.95151,"EURBBD":2.320964,"EURBDT":141.369259,"EURBGN":1.957557,"EURBHD":0.432593,"EURBIF":3416.760953,"EURBMD":1.145233,"EURBND":1.471455,"EURBOB":7.962402,"EURBRL":6.00423,"EURBSD":1.152398,"EURBTC":1.6365143E-5,"EURBTN":106.858247,"EURBWP":15.627787,"EURBYN":3.512469,"EURBYR":22446.56058,"EURBZD":2.317671,"EURCAD":1.57426,"EURCDF":2599.67789,"EURCHF":0.907041,"EURCLF":0.026557,"EURCLP":1048.609839,"EURCNY":7.871241,"EURCNH":7.90991,"EURCOP":4246.923619,"EURCRC":538.222684,"EURCUC":1.145233,"EURCUP":30.348666,"EURCVE":110.035623,"EURCZK":24.492576,"EURDJF":205.210144,"EURDKK":7.472821,"EURDOP":69.670546,"EURDZD":151.920818,"EUREGP":59.819879,"EURERN":17.17849,"EURETB":179.935338,"EURFJD":2.541041,"EURFKP":0.859695,"EURGBP":0.86419,"EURGEL":3.10931,"EURGGP":0.859695,"EURGHS":12.561814,"EURGIP":0.859695,"EURGMD":84.747046,"EURGNF":10099.784099,"EURGTQ":8.8266,"EURGYD":241.077457,"EURHKD":8.973797,"EURHNL":30.499951,"EURHRK":7.536543,"EURHTG":151.0277,"EURHUF":394.325387,"EURIDR":19450.631882,"EURILS":3.57241,"EURIMP":0.859695,"EURINR":106.877867,"EURIQD":1509.453439,"EURIRR":1505980.978305,"EURISK":143.211327,"EURJEP":0.859695,"EURJMD":180.937832,"EURJOD":0.811989,"EURJPY":182.397771,"EURKES":148.415816,"EURKGS":100.151084,"EURKHR":4614.763011,"EURKMF":490.159432,"EURKPW":1030.695647,"EURKRW":1718.037977,"EURKWD":0.351392,"EURKYD":0.960249,"EURKZT":555.90002,"EURLAK":24727.181778,"EURLBP":103209.314469,"EURLKR":358.817086,"EURLRD":210.870426,"EURLSL":19.235246,"EURLTL":3.381575,"EURLVL":0.69274,"EURLYD":7.353314,"EURMAD":10.783421,"EURMDL":20.091871,"EURMGA":4799.414364,"EURMKD":61.61981,"EURMMK":2404.690243,"EURMNT":4106.623786,"EURMOP":9.302808,"EURMRU":45.993938,"EURMUR":53.264789,"EURMVR":17.705184,"EURMWK":1998.209075,"EURMXN":20.442581,"EURMYR":4.504773,"EURMZN":73.182021,"EURNAD":19.235246,"EURNGN":1560.871767,"EURNIO":42.405121,"EURNOK":10.948934,"EURNPR":170.987748,"EURNZD":1.970785,"EUROMR":0.44037,"EURPAB":1.152298,"EURPEN":3.93515,"EURPGK":4.972048,"EURPHP":68.834778,"EURPKR":321.915554,"EURPLN":4.280267,"EURPYG":7448.124225,"EURQAR":4.190165,"EURRON":5.097656,"EURRSD":117.44377,"EURRUB":97.931095,"EURRWF":1682.133014,"EURSAR":4.30044,"EURSBD":9.213672,"EURSCR":15.596764,"EURSDG":688.285042,"EURSEK":10.780854,"EURSGD":1.469809,"EURSHP":0.859221,"EURSLE":28.229699,"EURSLL":24014.969136,"EURSOS":658.581771,"EURSRD":42.803115,"EURSTD":23704.004315,"EURSTN":24.451058,"EURSVC":10.082335,"EURSYP":126.581154,"EURSZL":19.240572,"EURTHB":37.555643,"EURTJS":11.021525,"EURTMT":4.008314,"EURTND":3.390832,"EURTOP":2.757445,"EURTRY":50.756921,"EURTTD":7.811263,"EURTWD":36.578164,"EURTZS":2981.876221,"EURUAH":50.677684,"EURUGX":4334.963467,"EURUSD":1.145233,"EURUYU":46.662728,"EURUZS":14051.708235,"EURVES":516.434478,"EURVND":30131.071881,"EURVUV":136.750424,"EURWST":3.129028,"EURXAF":654.646648,"EURXAG":0.016056,"EURXAU":2.43E-4,"EURXCD":3.095049,"EURXCG":2.076689,"EURXDR":0.814174,"EURXOF":654.6495,"EURXPF":119.011911,"EURYER":273.22388,"EURZAR":19.440611,"EURZMK":10308.469927,"EURZMW":22.534992,"EURZWL":368.764457},"source":"EUR","success":true,"timestamp":1773910624}